{
    "accuracy": 79.00000214576721,
    "precision": 0.7565150136487716,
    "recall": 0.79,
    "f1_score": 0.7667090951168711
}